<?xml version="1.0" encoding="UTF-8"?>
<project-private xmlns="http://www.netbeans.org/ns/project-private/1">
    <editor-bookmarks xmlns="http://www.netbeans.org/ns/editor-bookmarks/2" lastBookmarkId="0"/>
    <open-files xmlns="http://www.netbeans.org/ns/projectui-open-files/2">
        <group>
            <file>file:/Users/linweihong/Desktop/NEU/MSIS%20courses/2025%20spring/Application%20Engineer%20&amp;%20Dev/final%20project/procurement_ecosystem/Procurement_Ecosystem/src/model/delivery/ShipmentDirectory.java</file>
            <file>file:/Users/linweihong/Desktop/NEU/MSIS%20courses/2025%20spring/Application%20Engineer%20&amp;%20Dev/final%20project/procurement_ecosystem/Procurement_Ecosystem/src/common/NetworkManager.java</file>
            <file>file:/Users/linweihong/Desktop/NEU/MSIS%20courses/2025%20spring/Application%20Engineer%20&amp;%20Dev/final%20project/procurement_ecosystem/Procurement_Ecosystem/src/registry/OrganizationRegistry.java</file>
            <file>file:/Users/linweihong/Desktop/NEU/MSIS%20courses/2025%20spring/Application%20Engineer%20&amp;%20Dev/final%20project/procurement_ecosystem/Procurement_Ecosystem/src/controller/procurement/PurchaseRequestController.java</file>
            <file>file:/Users/linweihong/Desktop/NEU/MSIS%20courses/2025%20spring/Application%20Engineer%20&amp;%20Dev/final%20project/procurement_ecosystem/Procurement_Ecosystem/src/config/MockDataInitializer.java</file>
            <file>file:/Users/linweihong/Desktop/NEU/MSIS%20courses/2025%20spring/Application%20Engineer%20&amp;%20Dev/final%20project/procurement_ecosystem/Procurement_Ecosystem/src/enums/EnterpriseType.java</file>
            <file>file:/Users/linweihong/Desktop/NEU/MSIS%20courses/2025%20spring/Application%20Engineer%20&amp;%20Dev/final%20project/procurement_ecosystem/Procurement_Ecosystem/src/view/purchaseRequest/CreatePurchaseRequestPanel.java</file>
            <file>file:/Users/linweihong/Desktop/NEU/MSIS%20courses/2025%20spring/Application%20Engineer%20&amp;%20Dev/final%20project/procurement_ecosystem/Procurement_Ecosystem/src/util/NavigationUtil.java</file>
            <file>file:/Users/linweihong/Desktop/NEU/MSIS%20courses/2025%20spring/Application%20Engineer%20&amp;%20Dev/final%20project/procurement_ecosystem/Procurement_Ecosystem/src/service/procurement/PurchaseRequestService.java</file>
            <file>file:/Users/linweihong/Desktop/NEU/MSIS%20courses/2025%20spring/Application%20Engineer%20&amp;%20Dev/final%20project/procurement_ecosystem/Procurement_Ecosystem/src/view/shipping/ManageDeliveryReqPanel.java</file>
            <file>file:/Users/linweihong/Desktop/NEU/MSIS%20courses/2025%20spring/Application%20Engineer%20&amp;%20Dev/final%20project/procurement_ecosystem/Procurement_Ecosystem/src/view/MainJFrame.java</file>
            <file>file:/Users/linweihong/Desktop/NEU/MSIS%20courses/2025%20spring/Application%20Engineer%20&amp;%20Dev/final%20project/procurement_ecosystem/Procurement_Ecosystem/src/enums/OrganizationType.java</file>
            <file>file:/Users/linweihong/Desktop/NEU/MSIS%20courses/2025%20spring/Application%20Engineer%20&amp;%20Dev/final%20project/procurement_ecosystem/Procurement_Ecosystem/src/registry/ServiceRegistry.java</file>
            <file>file:/Users/linweihong/Desktop/NEU/MSIS%20courses/2025%20spring/Application%20Engineer%20&amp;%20Dev/final%20project/procurement_ecosystem/Procurement_Ecosystem/src/view/purchaseRequest/PurchaseItemFormPanel.java</file>
            <file>file:/Users/linweihong/Desktop/NEU/MSIS%20courses/2025%20spring/Application%20Engineer%20&amp;%20Dev/final%20project/procurement_ecosystem/Procurement_Ecosystem/src/enums/ApprovalStatus.java</file>
            <file>file:/Users/linweihong/Desktop/NEU/MSIS%20courses/2025%20spring/Application%20Engineer%20&amp;%20Dev/final%20project/procurement_ecosystem/Procurement_Ecosystem/src/controller/procurement/ProcurementController.java</file>
            <file>file:/Users/linweihong/Desktop/NEU/MSIS%20courses/2025%20spring/Application%20Engineer%20&amp;%20Dev/final%20project/procurement_ecosystem/Procurement_Ecosystem/src/registry/UserRegistry.java</file>
            <file>file:/Users/linweihong/Desktop/NEU/MSIS%20courses/2025%20spring/Application%20Engineer%20&amp;%20Dev/final%20project/procurement_ecosystem/Procurement_Ecosystem/src/view/shipping/ViewDeliveryReqDetailPanel.java</file>
            <file>file:/Users/linweihong/Desktop/NEU/MSIS%20courses/2025%20spring/Application%20Engineer%20&amp;%20Dev/final%20project/procurement_ecosystem/Procurement_Ecosystem/src/enums/ReceiptStatus.java</file>
            <file>file:/Users/linweihong/Desktop/NEU/MSIS%20courses/2025%20spring/Application%20Engineer%20&amp;%20Dev/final%20project/procurement_ecosystem/Procurement_Ecosystem/src/enums/RequestStatus.java</file>
            <file>file:/Users/linweihong/Desktop/NEU/MSIS%20courses/2025%20spring/Application%20Engineer%20&amp;%20Dev/final%20project/procurement_ecosystem/Procurement_Ecosystem/src/model/delivery/Shipment.java</file>
            <file>file:/Users/linweihong/Desktop/NEU/MSIS%20courses/2025%20spring/Application%20Engineer%20&amp;%20Dev/final%20project/procurement_ecosystem/Procurement_Ecosystem/src/view/DashboardPanel.java</file>
            <file>file:/Users/linweihong/Desktop/NEU/MSIS%20courses/2025%20spring/Application%20Engineer%20&amp;%20Dev/final%20project/procurement_ecosystem/Procurement_Ecosystem/src/view/shipping/DeliveryCompanyWorkspacePanel.java</file>
            <file>file:/Users/linweihong/Desktop/NEU/MSIS%20courses/2025%20spring/Application%20Engineer%20&amp;%20Dev/final%20project/procurement_ecosystem/Procurement_Ecosystem/src/enums/Role.java</file>
            <file>file:/Users/linweihong/Desktop/NEU/MSIS%20courses/2025%20spring/Application%20Engineer%20&amp;%20Dev/final%20project/procurement_ecosystem/Procurement_Ecosystem/src/controller/DeliveryController.java</file>
        </group>
    </open-files>
</project-private>
